<?xml version="1.0" encoding="UTF-8" standalone="yes"?>
<addon id="plugin.program.latinboy" name="Latin Boy Wizard" version="1.0.0" provider-name="Latin Boy">
	<requires>
		<import addon="xbmc.python" version="3.0.1"/>
		
	</requires>
	<extension point="xbmc.python.pluginsource" library="addon.py">
		<provides>executable</provides>
	</extension>
	<extension point="xbmc.service" library="service.py" />
	<extension point="xbmc.addon.metadata">
		<summary lang="es_es">Latin Boy Wizard</summary>
		<description lang="es_es">Kodi Build y mantenimiento de Kodi, donde se podra encontrar builds preparadas para su uso inmediato</description>
		<disclaimer lang="en_GB">Este add-on no contiene contenido</disclaimer>
		<language>es</language>
		<platform>all</platform>
		<license>GPL-2.0-or-later</license>
		<forum></forum>
		<website></website> 
		<email></email>
		<source></source>
		<news></news>
		<assets>
			<icon>icon.png</icon>
			<fanart>fanart.jpg</fanart>
		</assets>
	</extension>
</addon>